,title_length,abstract_length,num_keywords,age,num_references,has_doi,has_url,venue_quality_score,num_authors,topic_0,topic_1,topic_2,topic_3,topic_4,topic_5,topic_6,topic_7,topic_8,topic_9
count,1732752.0,1732752.0,1732752.0,1732752.0,1732752.0,1732752.0,1732752.0,1732752.0,1732752.0,1732752.0,1732752.0,1732752.0,1732752.0,1732752.0,1732752.0,1732752.0,1732752.0,1732752.0,1732752.0
mean,70.25471619712458,708.4791880199821,8.869717651458489,20.462264074720444,7.441593488277607,0.8232868869867125,0.9964466928908464,39.474021911621094,13.64707355697757,0.10267673432826996,0.09355989098548889,0.13291394710540771,0.0661160796880722,0.08582685887813568,0.1320473849773407,0.11855506896972656,0.12182439863681793,0.09271014481782913,0.05376949533820152
std,27.316234564327775,572.3448851403117,7.87643609942271,10.149303758802873,10.367186493554591,0.38142584163195103,0.05950363989815005,116.70344543457031,10.33153704748877,0.13297925889492035,0.11458353698253632,0.1544039398431778,0.08975278586149216,0.10552556812763214,0.1548912227153778,0.11963086575269699,0.1295543760061264,0.12050937116146088,0.0705794245004654
min,1.0,0.0,0.0,3.0,0.0,0.0,0.0,0.0,1.0,9.580289770383388e-05,0.00019966503896284848,2.610139017633628e-05,5.67263996344991e-05,0.00013873477291781455,4.547076241578907e-05,0.00013834761921316385,9.581223275745288e-05,0.0001883680815808475,6.41618826193735e-05
25%,51.0,339.0,3.0,14.0,1.0,1.0,1.0,9.025948524475098,6.0,0.002631613751873374,0.0027779783122241497,0.003704268718138337,0.0017546809976920485,0.0025004097260534763,0.0034490160178393126,0.014290071558207273,0.004169389372691512,0.002222791954409331,0.0017860412772279233
50%,68.0,721.0,7.0,18.0,5.0,1.0,1.0,21.11111068725586,12.0,0.07596535980701447,0.07053904980421066,0.10000000149011612,0.026337699964642525,0.06500768661499023,0.10000000149011612,0.10000000149011612,0.10000000149011612,0.06881056353449821,0.022727029398083687
75%,86.0,1028.0,14.0,24.0,11.0,1.0,1.0,48.6594352722168,18.0,0.11222285963594913,0.10263327322900295,0.17550797760486603,0.10000000149011612,0.10000000149011612,0.17700785398483276,0.16574320569634438,0.17024418339133263,0.10000000149011612,0.10000000149011612
max,900.0,72632.0,141.0,2025.0,1930.0,1.0,1.0,75607.0,859.0,0.9483478665351868,0.9499981999397278,0.9774959683418274,0.9307588934898376,0.9653846025466919,0.9816305637359619,0.9399914741516113,0.9357094764709473,0.9666628241539001,0.9099935293197632
